CATEGORY_INT ;CAT_NAME;SHORT_NAME; DESCRIPTION;OVER_MIN;OVER_MAX;OVER_INCR;OVER_MAXSTEPS;OVER_DEFAULT;NO2_FRAC
0;traffic;tr;Emissions originating from road traffic;0.6;1.5;0.1;3;1;0.2
1;household;wb;domestic household production of emissions through heating etc.;0.6;1.5;0.1;3;1;0.2
2;power;pwr;power production emissions (plants);0.4;1.4;0.1;2;1;0.2
3;industry;ind;Industrial emission sources;0.6;1.4;0.1;2;1;0.2
4;ship;ship;Shipping traffic emissions ;0.5;1.2;0.1;3;1;0.2
5;bg;bg;Ambient background concentrations, boundary conditions for model domain;1;1;1;1;0;1
6;resusp;dst;Resuspension of particles;0.3;2;0.15;7;1;1
7;misc;msc;Miscellaneous emissions sources;0.6;1.4;0.1;2;1;0.2
DISABLED;dust;dst;Dust particle sources;1;1;1;1;1;0.2
DISABLED;aggri;agr;Aggricultural emission sources;1;1;1;1;1;0.2
DISABLED;natural;nat;Natural emission sources;1;1;1;1;1;0.2
