ID;LAT;LON;DISLOCALIZATION;VAR_SCALER;SOURCE_H;TIMEZONE;VAL_SCALER;ID_ALIAS;ID_ALIAS2;SECTOR_CLEARS;AUTO_OFFSET;AUTOBAN_TYPES;HIDE_FROM_OUTPUT;IMPRECISION_TYPE_MODS
PAS_Lansisatama;60.15599;24.92189;0;100;3;0;1;PAS_Lansisatama;PAS_Lansisatama;;FALSE;;;
RW_60164_24852;60.16414811;24.85245682;0;1;3;0;1;RW_60164_24852;RW_60164_24852;;FALSE;;;
Pakila;60.250057;24.93943;0;10;3;1,1;1;Pakila;Pakila;;TRUE;CO,SO2;TRUE;
station_60967_25654;60.96704;25.65489;0;1;3;0;1;Saksalankatu_Lahti_Finland;station_60967_25654;;FALSE;;FALSE;
CMAQ;-;-;5;3;3;0;NO2=1.0,PM25=1.0,PM10=1.0,O3=1.0;silam;Silam;;FALSE;;;
ECMWF;-;-;10;4;3;0;1;ECMWF;ECMWF;;FALSE;;;
FMI;-;-;3;3;3;0;1;fmi;Fmi;;FALSE;;;
GFS;-;-;15;5;3;0;1;gfs;GFS;;FALSE;;;
HARMONIE;-;-;1;1;3;0;1;harmonie;harmonie;;FALSE;;;
HIRLAM;-;-;5;2;3;0;1;hirlam;Hirlam;;FALSE;;;
SILAM;-;-;5;3;3;0;1;silam;Silam;;FALSE;;;
WRF;-;-;3;1;3;0;1;harmonie;harmonie;;FALSE;;;
