ID;placeholder;MET_VAR;METVAR_RANGE_MIN;METVAR_RANGE_MAX;N/A_MET_VALUE;VALUE_AT_MIN;VALUE_AT_MAX;CURVER (1 is linear, use [0.1-3]
MET_TEMP_TRAFFIC;;temperature;-15;0;10;1.3;1;1
MET_TEMP_WB;;temperature;-20;14;14;4;1;1
MET_TEMP_WB_QUARTER;;temperature;-20;14;14;1.5;1;1
TEMP_SHUTDOWN;;temperature;-30;30;10;1;0;1.6
RAD_AMPLIFIER_DUST;;swRad;0;1000;0;1;3;0.7
WIND_AMPLIFIER_DUST;;windSpeed;3;10;3;1;6;1
RAIN_WASH;;rain;0;10;0;1;50;1
DAYTIME_LIGHT;;swRad;0;1000;0;1;10;1
ROADMOIST_INHIB;;roadSurfaceWater;0;800;0;1;0.01;0.1
ROADMOIST_INHIB_SOFT;;roadSurfaceWater;20;800;0;1;0.3;0.4
