KEY;VALUE;INPUT_TYPE;IMPACT;DESCRIPTION
//Only 'KEY' and 'VALUE' columns are parsed. The other columns are descriptive.;;;;
//The 'IMPACT' gives an estimate on how much the parameter can affect the overall computational time;;;;
PUFF_BASETICK_S;300;Integer;high;This affects how often (once every x seconds) puffs are being released from emitters. Default value: 300s which equals one puff every 5 minutes. Lower values means more puffs which in turn means more computations.
PUFF_RESPEC_TICK_S;600;Integer;low;Define the rate (once every x seconds) at which existing puffs will be updated in terms of meteorology and pollutant mass. This does not consider the positional updates for puffs, however.
PUFF_RESPEC_RANDOMDIR;5;Integer;low;Define a small randomization amount in degrees that can be applied to the wind direction for puffs during the puff respec operation. Example: with a value of 5, a uniform random value in between [-5,5] degrees will be applied.
PUFF_RESOLUTION_SCALER;0.17;Double [0.05,0.3];highest;This value is used to determine the resolution in which the Puff concentration computations are assessed. Example: if the modelling resolution is 20m and a value of 0.1 is used then puff modelling resultion is 200m. A smaller value here means a coarser resolution for computations
PUFF_RESOLUTION_LIMITER;250;Integer [50,500];high;This value is used to limit the dimension of the grids in which puff computations is being performed. For example, if the computations are done in a 300x300 grid then it can take up to 9 times more time than it would in a 100x100 grid. However, this just sets a maximum limit and the grid size is also affected by PUFF_SCALED_RESOLUTION and the physical modelling area.
PUFF_SELECTION_RADIUS_M;-1;Integer;high;Define the maximum distance [m] for puffs in which it can contribute to computed concentrations. A smaller value van significantly reduce the computational cost at the slight expense of accuracy.
PUFF_MERGING_RATE;0.5;Double [0,1];moderate;Define a factor that requlated how often nearby puffs should merge together and thereby reduce the amount of puffs being modelled. A larger value (maximum of 1) makes the puffs merge more often. A value of 0 (minimum) disables the merging method.
RME_RESOLUTION_M;600;Integer;high;Define the resolution of a single emitter cell [m] (for the 'RangedMapEmitter') that bundles and aggregates the high-res emitters in the modelling area into larger cells. A larger value means less emitters in total which in turn means less puff to model.
RME_RELEASE_RATE_FACTOR;1;Integer, [1,5];moderate;A factor that is applied to RangedmapEmitter puff release rates. A large value causes more frequent puffs to be released which in turn means more computations. Default:1.
RME_ELEVATED_SOURCES;FALSE;String, one of [true,false];moderate;If set as true, then release height differences will be taken into account better. This can increase the amount of puffs significantly and is only needed with e.g., industrial netCDF emitters. Default:false.
MET_RESOLUTION_M;1000;Integer;low;Define the resolution [m] which is used for the representation of meteorology internally in the model. Note: there may me meteorological properties (such as wind) that uses a much finer resolution regardless of this parameter.
PLUME_ZONE1_RADM;350;Integer [200,600];moderate;Define the distance limit [m] which is used for Gaussian Plume computations with the highest detail. A higher value means less computations to be done.
PLUME_ZONE2_RADM;2400;Integer;moderate;Define the distance limit [m] which is used for the threshold of the Gaussian Plume / Puff computations. A higer value means that more emphasis is being put to Gaussian Plume. A low value, combined with a low RME_RESOLUTION_M, makes the modelling more dynamic but more costly.
PLUMEFORM_PERFORMANCE;fast;String, one of [standard,fast,fastest];highest;Define the PlumeForm perfomance level for Gaussian Plume computations. With setting 'fast' and 'fastest' there will be significantly less computations being done at a slight cost of accuracy. Default:fast
USE_EXTENDED_PUFF_AREA;FALSE;String, one of [false,true];moderate;One can set this as 'true' in case the surrounding area (outside of the actual modelling area) is covered withemission sources. This can be the case if the modelling area is a sub-area of a larger metropolitan area.
MULTI_THREAD_ARCHIVING;TRUE;String, one of [false,true];high;If set as 'true' then allPollutant_x.zip production will be done in a parallel thread while the model proceeds to the next time step's computations. Default:true, Set to 'false' only if problems related to this feature arise.
PARALLEL_VIDEO_ENCODING;TRUE;String, one of [false,true];moderate;If set as 'true' then video encoding will be done in a separate thread while the animation creation proceeds to the next pollutant species.Default:true, Set to 'false' if problems related to this feature arise, e.g., insufficient memory.
