def;type;heavy;bus;vehic;light;master
dataline;NO2;HH,8;HH,6;HH,1;HH,0.3;0.22
dataline;NO;HH,8;HH,6;HH,1;HH,0.3;0.09
dataline;O3;HH,8;HH,6;HH,1;HH,0.3;0
dataline;PM25;LH,8;LH,6;LH,1;LH,0.3;0.01
dataline;LDSA;LH,7;LH,5;LH,1;LH,0.25;0.07
dataline;coarsePM;MH,8;MH,6;MH,1;MH,0.1;0.06
dataline;CO;DOWN,8;DOWN,6;DOWN,1;DOWN,0.3;0.6
dataline;BC;LH,8;LH,6;LH,1;LH,0.3;0.003
dataline;SO2;HH,7;HH,5;HH,1;HH,0.02;0.001
info;"Units: master scaler corresponds to [g/km/vehicle]. ""vehicle"" with this respect is a passenger car ""vehic"" with typical urban opertation speed. For some species that do not use [ug] as unit the one specified variableAssociations.csv is used.";;;;;
info;coefficients are as follows (min,mid,max,AMP) and these are used to define a,b, c so that f(v) = (AMP)(av2 +bv +c) where v is the speed in km/h. Min,mid and max values correspond to a 2nd order polynomial where x-values are 0(min), 0.5(mid) and 1(max).;;;;;
info;Note that the min, mid and max operate on a range of [0,1]. The transformation to the speed limits (e.g. [10,120]) is done automatically.;;;;;
info;//////////;;;;;
info;The absolute values of these speed functions are not very important since emission factor scaling (traffic) can operate each pollutant species with a separate coefficient.;;;;;
info;However, the shape of the curve and relative difference between vehicle types DO matter.;;;;;
info;//////////;;;;;
info;replacements such as below are applied to datalines above before they are parsed. This makes it possible to tidy up the data fields.;;;;;
info;The second column should contain variable names (PRIMARY) that have been defined in 'variableAssociations.csv';;;;;
info;//////////;;;;;
info;"The speed functions described in this file can be drawn to plots in Enfuser GUI (Misc Options & tools -tab, ""Draw RESP"")";;;;;
info;//////////;;;;;
speed_range;10;110;;;;
info;Here below are the replacements, that are used for subsituting min,mid,max values for polynomials. Note that one does not have to use replacements: these values can be inserted to datalines as well.;;;;;
replacement;HH;1,0.7,1.3;;;;
replacement;LH;0.7,1,2;;;;
replacement;MH;1,0.8,1.8;;;;
replacement;DOWN;1.6,1,0.8;;;;
