Year;Month;day;DOW (0=monfri, 1=sat, 2 = sun);desc
any;12;6;2;independenceD
any;1;1;2;newY
any;12;24;2;Christmas
any;12;25;2;Chr1
any;12;26;2;Chr2
any;1;6;2;lopp
any;5;1;2;mayday
any;12;31;2;newY
2018;3;30;2;Eastr
2018;4;2;2;Eastr
2018;5;10;2;hela
2018;6;23;1;midsummer
2018;6;22;2;midsummer
2019;4;19;2;Eastr
2019;4;21;2;Eastr
2019;5;30;2;hela
2019;6;21;1;midsummer
2019;6;22;2;midsummer
2017;4;14;2;Eastr
2017;4;17;2;Eastr
2017;5;25;2;hela
2017;6;23;1;midsummer
2017;6;22;2;midsummer
