var_status;var_name;role;df_for_secondary;prediction_recipee;input_proxy_recipee;emitter_proxy_recipee;statcruncher_breakpoints;settling_dispersion;name_conventions;name_short;unit;accept_range;description;null_value;def_1h_std;ppm_conversion;molec_mass;mass_reduction_h;mass_decay_metfuncs;monthly_vegefuncs;natural_lower;bglearn_range;category_caps;output_skips;visual_style_id;visual_minmax;visual_maxmax;associations;;;;;
ENABLED;PM25;PRIMARY;;;;;;;cnc_PM2_5;pm25;ugm-3;-1,2000;Fine particle concentration;0;3;0;0;0.15;RAIN_WASH;0.1,   0.1,   0.1,   0.1,   0.15,   0.2,   0.2,   0.2,   0.2,   0.15, 0.1,   0.1;TRUE;5;;;black_green_red;10;100;pm25& cnc_PM2_5& PM2.5& PARTICLE_POLLUTION_FINE& PAMMC& PM2.5-DELHIAQ;;;;//how to use associations example. Temperature => add the variable name text to the row for 'temperature (6)', e.g, 'Temperature_height_above_ground';
ENABLED;coarsePM;PRIMARY;;;AFFINE<1*PM10 - 1.0*PM25>;;;TRUE;cnc_PM2_5_PM10;cPM;ugm-3;-1,1000;Coarse particle concentration without PM2.5;0;4;0;0;0.25;RAIN_WASH;0.2,   0.2,   0.2,   0.2,   0.3,   0.4,   0.4,   0.4,   0.4,   0.35, 0.2,   0.2;TRUE;5;;anim,;default_style;10;100;coarsePM;;;;;
ENABLED;SO2;PRIMARY;;;;;;;cnc_SO2_gas;so2;ugm-3;-1,700;Sulfur dioxide concentration;0;1;2.62;64.0638;0.1;-;0.1,   0.1,   0.1,   0.1,   0.15,   0.2,   0.2,   0.2,   0.2,   0.15, 0.1,   0.1;TRUE;0;;;default_style;10;100;cnc_SO2_gas& cnc_SO2& so2& SULFUR_DIOXIDE&SO2_ppm,2620,0 &SO2-DELHIAQ;;;;//after these additional parameters the value will be SCALED by 1.0 and added with -272.15, afterwhich the value is in Celsius.;
ENABLED;O3;PRIMARY;;;;;;;cnc_O3_gas;o3;ugm-3;-1,700;Ozone concentration;0;5;1.96;47.9982;0.1;-;0.1,   0.1,   0.1,   0.1,   0.15,   0.2,   0.2,   0.2,   0.2,   0.15, 0.1,   0.1;FALSE;20;;;nice_ozone;60;300;o3& cnc_O3& cnc_O3_gas& OZONE&O3_ppm,1960,0& Ozone-DELHIAQ;;;;;//IMPORTANT: keep same FRAME-interpolation (first value) for all types!
ENABLED;CO;PRIMARY;;;;;;;cnc_CO_gas;co;ugm-3;-1,20000;Carbon monoxide concentration;0;10;1.15;28.0101;0.2;-;0.1,   0.1,   0.1,   0.1,   0.15,   0.2,   0.2,   0.2,   0.2,   0.15, 0.1,   0.1;TRUE;100;;;default_style;100;5000;co& cnc_CO_gas& CARBON_MONOXIDE&CO_ppm,1150,0& CO-DELHIAQ,1000,0;;;;;//for AQI a color scheme (8) will have an special effect.
ENABLED;NO2;PRIMARY;;;;;;;cnc_NO2_gas;no2;ugm-3;-1,500;Nitrogen dioxide concentration;0;5;1.88;46.0055;0.3;DAYTIME_LIGHT;0.1,   0.1,   0.1,   0.1,   0.15,   0.2,   0.2,   0.2,   0.2,   0.15, 0.1,   0.1;TRUE;8;;;black_blue_red;50;200;no2& cnc_NO2& cnc_NO2_gas& NITROGEN_DIOXIDE&NO2_ppm,1880,0& NO2-DELHIAQ;;;;;
ENABLED;NO;PRIMARY;;;;;;;cnc_NO_gas;no;ugm-3;-1,500;Nitrogen monoxide concentration;0;4;1.15;28;0.3;DAYTIME_LIGHT;0.1,   0.1,   0.1,   0.1,   0.15,   0.2,   0.2,   0.2,   0.2,   0.15, 0.1,   0.1;TRUE;0;;anim,;default_style;30;200;no& cnc_NO& cnc_NO_gas& NITROGEN_MONOXIDE&NO_ppm,1150,0& NO-DELHIAQ;;;;;
ENABLED;LDSA;PRIMARY;;;AFFINE<3.0*PM25>, NO_POINTS;AFFINE<3*PM25>;;;LDSA;lda;�m2 cm-3;-1,1000;Lung deposited surface area;0;10;0;0;0.15;-;0.1,   0.1,   0.1,   0.1,   0.15,   0.2,   0.2,   0.2,   0.2,   0.15, 0.1,   0.1;TRUE;15;;;flamy;20;200;ldsa&LDSA;;;;;
ENABLED;BC;PRIMARY;;;;AFFINE<0.25*PM25>;;;cnc_BC;bc;ugm-3;-1,500;Black carbon concentration;0;0.5;0;0;0.15;RAIN_WASH;0.1,   0.1,   0.1,   0.1,   0.15,   0.2,   0.2,   0.2,   0.2,   0.15, 0.1,   0.1;TRUE;2;;;satellite_temperature;3;30;cnc_BC& BC-DELHIAQ& cnc_EC_m_50& QBCPM25_PT1H_AVG;;;;;
ENABLED;PM10;SECONDARY;TRUE;AFFINE<1.0*PM25 + 1.0*coarsePM>;;;;;cnc_PM10;pm10;ugm-3;-1,2500;Coarse particle concentration;0;6;;;;;;;;;;default_style;20;300;pm10& cnc_PM10& PARTICLE_POLLUTION_COARSE& PM10-DELHIAQ;;;;;
ENABLED;NOXgas;SECONDARY;;AFFINE<1.0*NO2 + 1.0*NO>;AFFINE<1.0*NO2 + 1.0*NO>, NO_GRIDS;;;;cnc_NOx_gas;nox;ugm-3;-1,1000;Nitrogen oxides concentration;0;6;;;;;;;;;anim,;default_style;60;300;cnc_NOx_gas;;;;;
ENABLED;NMVOC;SECONDARY;;;;;;;cnc_NMVOC_gas;voc;ugm-3;-1,10000;Non-methane volatile organic compounds concentration;0;0.5;;;;;;;;;anim,;default_style;;;cnc_NMVOC_gas;;;;;
ENABLED;NH3;SECONDARY;;;;;;;cnc_NH3;nh3;ugm-3;-1,10000;Ammonium concentration;0;0.5;;;;;;;;;anim,;default_style;;;cnc_NH3& NH3-DELHIAQ;;;;;
ENABLED;Benzene;SECONDARY;;;;;;;cnc_Benzene;benzene;ugm-3;-1,10000;Benzene concentration;0;0.5;;;;;;;;;anim,;default_style;;;cnc_Benzene& Benzene-DELHIAQ;;;;;
DISABLED;H2SO4;SECONDARY;;;;;;;cnc_H2SO4;sulfAc;10^3/cm3;-1,400;Sulfuric acid molecules;0;0.5;;;;;;;;;anim,;default_style;;;cnc_H2SO4;;;;;
DISABLED;HNO3;SECONDARY;;;;;;;cnc_HNO3;nitrAc;unknown;-1,400;Nitric acid HNO3;0;0.5;;;;;;;;;anim,;default_style;;;cnc_HNO3;;;;;
ENABLED;AQI;SECONDARY;;;;;;;AQI;aqi;index;-1,1000;Air Quality Index;0;0.5;;;;;;;;;anim,;default_style;;;aqi;;;;;
ENABLED;dewPoint;MET;;;;;;;dew_point_temperature;dewpt;C;-100,100;Dew-point temperature;5.01;0.5;;;;;;;;;;default_style;;;dewPoint& Dewpoint_temperature_height_above_ground,1,-272.15& KASTEPISTE;;;;;
ENABLED;temperature;MET;;;;;-5,0,7,14,20,28;;temperature;T;C;-100,100;Temperature;10.01;1;;;;;;;;;;default_style;;;Temperature_height_above_ground,1,-272.15& Temperature& air_temperature_4,1,-272.15& N2_metre_temperature,1,-272.15& ILMA& AIR_TEMPERATURE& PAQTA&AirTemperature;;;;;
ENABLED;rain;MET;;;;;0,0.2,0.5;;precipitation1h;rain;mmh-1;-1,80;Precipitation rate;0;0.1;;;;;;;;;;default_style;;;precipitation& Total_precipitation_surface_3_Hour_Accumulation,0.333,0& Precipitation1h& precipitation_amount_353,3.6,0& Total_precipitation,1000,0& SADE_INTENSITEETTI& Total_precipitation_surface_Mixed_intervals_Accumulation,0.333,0& precipitation_amount_50,3.6,0&RainIntensity;;;;;
ENABLED;skyCondition;MET;;;;;;;total_cloud_cover_index;totCloudC;index 0-8;-1,10;Total cloud cover index;2;0.5;;;;;;;;;;default_style;;;cloudiness& Total_cloud_cover_entire_atmosphere_3_Hour_Average,0.08,0& TotalCloudCover& cloud_area_fraction_79,8,0& Total_cloud_cover& Total_cloud_cover_entire_atmosphere_Mixed_intervals_Average,0.08,0;;;;;
ENABLED;wind_N;MET;;;;;;;north_wind_component;windN;ms-1;-50,50;Wind north;1;0.5;;;;;;;;;;default_style;;;wind_north& v-component_of_wind_height_above_ground& WindVMS& northward_wind_24& N10_metre_V_wind_component;;;;;
ENABLED;wind_E;MET;;;;;;;east_wind_component;windE;degrees;-50,50;Wind east;0;0.5;;;;;;;;;;default_style;;;wind_east& u-component_of_wind_height_above_ground& WindUMS& eastward_wind_23& N10_metre_U_wind_component;;;;;
ENABLED;InvMOlength;MET;;;;;;;MO_len_inv;invMO;m-1;-200,20000;Inverse Monin-Obukhov length;0;0.05;;;;;;;;;;default_style;;;MO_len_inv;;;;;
ENABLED;humidity;MET;;;;;30,45,60,75,90;;relative_humidity;humid;%;-1,110;Relative humidity;70;5;;;;;;;;;;default_style;;;relative_humidity& Relative_humidity_height_above_ground& ILMAN_KOSTEUS& RELATIVE_HUMIDITY&AirRelativeHumidity;;;;;
ENABLED;roadSurfaceWater;MET;;;;;0,100,500;;road_surface_water;roadWtr;�m;-1,10000;Road surface water content;0;1;;;;;;;;;;default_style;;;road_surface_moisture& KOSTEUDEN_MAARA_1,1000,0;;;;;
ENABLED;ABLH;MET;;;;;100,160,260,400,600,900,1200;;boundary_layer_height;blh;m;-1,10000;Height of atmospheric boundary layer;300;50;;;;;;;;;;default_style;;;BLH& Planetary_Boundary_Layer_Height_surface& Boundary_layer_height;;;;;
ENABLED;pressure;MET;;;;;;;air_pressure;pre;hPa;50,1500;Air pressure;800.01;10;;;;;;;;;;default_style;;;air_pressure& Pressure_surface,0.001,0& AIR_PRESSURE&BarometricPressure;;;;;
DISABLED;potentialEvap;MET;;;;;;;potential_Evaporation_Rate;potEvaR;Wm-2;-500,10000;Potential evaporation rate;0;1;;;;;;;;;;default_style;;;Potential_Evaporation_Rate_surface;;;;;
ENABLED;sensHflux;MET;;;;;;;sensible_heat_flux;sensHF;Wm-2;-500,10000;Sensible surface heat flux;0;1;;;;;;;;;;default_style;;;Sensible_heat_net_flux_surface_3_Hour_Average& Instantaneous_surface_heat_flux& Sensible_heat_net_flux_surface_Mixed_intervals_Average;;;;;
ENABLED;swRad;MET;;;;;0,100,250,600;;short-wave_radiation;swRad;Wm-2;-500,10000;Downward short-wave surface radiation;100;1;;;;;;;;;;default_style;;;surface_downwelling_shortwave_flux_in_air_317& Surface_solar_radiation& Downward_Short-Wave_Radiation_Flux_surface_Mixed_intervals_Average;;;;;
ENABLED;lwRad;MET;;;;;;;long-wave_radiation;lwRad;Wm-2;-500,10000;Downward long-wave surface radiation;100;1;;;;;;;;;;default_style;;;Downward_Long-Wave_Radp_Flux_surface_3_Hour_Average& Surface_solar_radiation& Downward_Long-Wave_Radp_Flux_surface_Mixed_intervals_Average;;;;;
ENABLED;windDirection;MET;;;;;30,60,90,120,150,180,210,240,270,300,330,360;;wind_direction;wd;degrees;0,361;Wind direction (from) at 10m;0;10;;;;;;;;;;default_style;;;wDir&WindDirection&TUULENSUUNTA;;;;;
ENABLED;windSpeed;MET;;;;;1,2,3,4,5,6,7,8;;wind_speed;ws;ms-1;0,50;Wind speed at 10m;1;0.5;;;;;;;;;;default_style;;;wSpeed&WindSpeed&KESKITUULI;;;;;
ENABLED;stabilityClass;MET;;;;;0,1,2,3,4,5;;atmospheric_stability_class;stabC;index 0-4;0,6;Atmospheric stability class at ground surface (Pasquil A,B,C,D,EF);2;0.2;;;;;;;;;;default_style;;;stability;;;;;
