Key used for ID;The recipee for visualization parsing;Comments;;;;;TRANSP4=off;;TRANSP4=STEAM;;STYLE2=temperature;;;STYLE1=GreenToV;;STYLE10=flame;;;STYLE3=whiteToB
default_style;GIS<4>, FONT<Arial,1.3,W,true>, STYLE<13>, CURVER<1>, TRANSP<0>, CBAR<2>, BANNER<2>, NUMCOL<80>, DOTSIZE<3>;;;;;;;;;;;;;;;;;;
black_blue_red;GIS<4>, FONT<Arial,1.3,W,true>, STYLE<13>, CURVER<1.3>, TRANSP<0>, CBAR<2>, BANNER<2>, NUMCOL<100>, DOTSIZE<3>;;;;;;;;;;;;;;;;;;
black_green_red;GIS<4>, FONT<Arial,1.3,W,true>, STYLE<14>, CURVER<1.3>, TRANSP<0>, CBAR<2>, BANNER<2>, NUMCOL<100>, DOTSIZE<3>;;;;;;;;;;;;;;;;;;
nice_ozone;GIS<4>, FONT<Arial,1.3,W,true>, STYLE<3>, CURVER<0.7>, TRANSP<0>, CBAR<2>, BANNER<0>, NUMCOL<100>;;;;;;;;;;;;;;;;;;
satellite_temperature;GIS<1>, FONT<Arial,1.3,W,true>, STYLE<2>, CURVER<1.3>, TRANSP<4>, CBAR<2>, BANNER<2>, NUMCOL<100>, DOTSIZE<3>;;;;;;;;;;;;;;;;;;
flamy;GIS<3>, FONT<Arial,1.3,W,true>, STYLE<10>, CURVER<1.5>, TRANSP<4>, CBAR<2>, BANNER<2>, NUMCOL<80>, DOTSIZE<3>;;;;;;;;;;;;;;;;;;
elevation;STYLE<5>, CURVER<1>, TRANSP<10>, CBAR<2>, BANNER<2>, GIS<3>, NUMCOL<40>, MAXCUT<1.0>,FONT<Arial,1.2,W,true> TXT<groundElevation, Ground elevation[m], Elevation>;style:deepPurple;;;;;;;;;;;;;;;;;
vege_depth;STYLE<12>, CURVER<1.3>, TRANSP<6>, CBAR<2>, BANNER<2>, GIS<3>, NUMCOL<40>, MAXCUT<1>, FONT<Arial,1.2,W,true>TXT<vegeDepth, Vegetation density index,VD>;dirt to forest, emphasizes larger values and cuts it by 20%.;;;;;;;;;;;;;;;;;
population;STYLE<2>, CURVER<1>, TRANSP<4>, CBAR<2>, BANNER<2>, NUMCOL<40>  TXT<population, Population count per grid cell estimate,Population>;"	style: temperature, dark GIS bg.";;;;;;;;;;;;;;;;;
popdens_1km;STYLE<2>, CURVER<1>, TRANSP<4>, CBAR<2>, BANNER<2>, NUMCOL<40>,   TXT<popRad1km, Population density estimate [1km radius], >;"	";;;;;;;;;;;;;;;;;
popdens_6km;STYLE<2>, CURVER<1>, TRANSP<4>, CBAR<2>, BANNER<2>, NUMCOL<40>, ,   TXT<popRad6km, Population density estimate [4km radius], >;"	";;;;;;;;;;;;;;;;;
ghs_built;STYLE<10>, CURVER<1>, TRANSP<7>, CBAR<2>, BANNER<2>, GIS<3>, NUMCOL<10>, MINMAX<0,1>,FONT<Arial,1.2,W,true>, TXT<GHS_built, Built land-use, Global Human Settlement, >;"	";;;;;;;;;;;;;;;;;
ghs_pop;STYLE<10>, CURVER<1>, TRANSP<7>, CBAR<2>, BANNER<2>, GIS<3>, NUMCOL<40>,  TXT<GHS_population, Population per grid cell, Global Human Settlement, >, FONT<Arial,1.2,W,true>;"	";;;;;;;;;;;;;;;;;
placeholder;STYLE<2>, CURVER<1>, TRANSP<10>, CBAR<2>, BANNER<2>, GIS<3>, NUMCOL<40>, MAXCUT<1.0>, TXT<Placeholder, , >;"	";;;;;;;;;;;;;;;;;
placeholder2;STYLE<2>, CURVER<1>, TRANSP<10>, CBAR<2>, BANNER<2>, GIS<3>, NUMCOL<40>, MAXCUT<1.0>, TXT<Placeholder2, , >;"	";;;;;;;;;;;;;;;;;
zeromask;STYLE<2>, CURVER<1>, TRANSP<10>, CBAR<2>, BANNER<2>, GIS<3>, NUMCOL<40>, MAXCUT<1.0>, TXT<zeromask, , >,FONT<Arial,1.2,W,true>;;;;;;;;;;;;;;;;;;
elevation_gradient;STYLE<2>, CURVER<1>, TRANSP<10>, CBAR<2>, BANNER<2>, GIS<3>, NUMCOL<40>, MAXCUT<1.0> TXT<elevationGradient, , >;"	";;;;;;;;;;;;;;;;;
elevation_local;STYLE<2>, CURVER<1>, TRANSP<10>, CBAR<2>, BANNER<2>, GIS<3>, NUMCOL<40>, MAXCUT<1.0>, TXT<localElevation, , >;"	";;;;;;;;;;;;;;;;;
building_height;STYLE<1>, CURVER<1.4>, TRANSP<10>, CBAR<2>, BANNER<2>, GIS<3>, NUMCOL<40>, MINMAX<0,80>, TXT<buildingHeight, Estimated Building height [m] , >, FONT<Arial,1.2,W,true>;"	";;;;;;;;;;;;;;;;;
roadflow;STYLE<4>, CURVER<1.3>, TRANSP<10>, CBAR<2>, BANNER<2>, GIS<3>, NUMCOL<80>, MAXCUT<1.2>, TXT<roadFlow, Estimated road flow [vehicles per day] , >, FONT<Arial,1.2,W,true>;"	";;;;;;;;;;;;;;;;;
household;STYLE<1>, CURVER<1.4>, TRANSP<10>, CBAR<2>, BANNER<2>, GIS<3>, NUMCOL<40>, MINMAX<0,80>, FONT<Arial,1.2,W,true>TXT<household_emitter, Estimated household PM25 emission inventory [kg/a] , >;"	";;;;;;;;;;;;;;;;;
brkilns;STYLE<1>, CURVER<1.4>, TRANSP<10>, CBAR<2>, BANNER<2>, GIS<3>, NUMCOL<40>, MINMAX<0,80>, TXT<brkilns_emitter, Estimated emission proxy for an industrial source , >;"	";;;;;;;;;;;;;;;;;
congestion_index;STYLE<4>, CURVER<1.3>, TRANSP<10>, CBAR<2>, BANNER<2>, GIS<3>,MINMAX<0,4>, NUMCOL<80>, TXT<congestion_index, Averaged congestion index [0 to 10] based on Here.com, >, FONT<Arial,1.2,W,true>;"	";;;;;;;;;;;;;;;;;
leswind;STYLE<2>, GIS<3>, CURVER<1>, TRANSP<6>, CBAR<2>, BANNER<2>, NUMCOL<80>  TXT<leswind, LES-based wind [m/s], >;;;;;;;;;;;;;;;;;;
leswindvar;STYLE<2>, GIS<3>, CURVER<1>, TRANSP<6>, CBAR<2>, BANNER<2>, NUMCOL<80>  TXT<leswind, LES-based wind standard deviation [m/s], >;;;;;;;;;;;;;;;;;;
windstate;STYLE<2>, GIS<3>, CURVER<1>, TRANSP<4>, CBAR<1>, BANNER<0>, NUMCOL<80>  TXT<windstate, Wind speed [m/s], >, MINMAX<0,8>;;;;;;;;;;;;;;;;;;
roughnessState;STYLE<10>, GIS<3>, CURVER<1.5>, TRANSP<4>, CBAR<1>, BANNER<0>, NUMCOL<80>  TXT<roughnesState, Roughness length [m], >, MINMAX<0,2.2>;;;;;;;;;;;;;;;;;;
monthlyGrid_AQI;MINXMAX<0,50>, GIS<4>, FONT<Arial,1.5,B,true>, STYLE<8>, CURVER<1.3>, TRANSP<0>, CBAR<2>, BANNER<0>, NUMCOL<120>  TXT<no2, ,>;;;;;;;;;;;;;;;;;;
monthlyGrid_O3;MAXCUT<1.0>, MINXMAX<0,8>, GIS<4>, FONT<Arial,2.2,W,true>, STYLE<13>, CURVER<1>, TRANSP<0>, CBAR<2>, BANNER<0>, NUMCOL<220>  TXT<no2, ,>;;;;;;;;;;;;;;;;;;
monthlyGrid_LDSA;MAXCUT<1.2>,MINXMAX<0,50>, GIS<3>, FONT<Arial,1.5,B,true>, STYLE<10>, CURVER<1.5>, TRANSP<4>, CBAR<1>, BANNER<0>, NUMCOL<120>  TXT<no2, ,>;;;;;;;;;;;;;;;;;;
monthlyGrid_CO;MAXCUT<1.2>,MINXMAX<0,50>, GIS<3>, FONT<Arial,1.5,B,true>, STYLE<10>, CURVER<1.5>, TRANSP<4>, CBAR<1>, BANNER<0>, NUMCOL<120>  TXT<no2, ,>;;;;;;;;;;;;;;;;;;
monthlyGrid_NO2;MAXCUT<1.15>, MINXMAX<0,8>, GIS<4>, FONT<Arial,1.7,W,true>, STYLE<13>, CURVER<1>, TRANSP<0>, CBAR<2>, BANNER<0>, NUMCOL<220>  TXT<no2, ,>;;;;;;;;;;;;;;;;;;
monthlyGrid_PM25;MAXCUT<1.05>, MINXMAX<0,2>, GIS<4>, FONT<Arial,1.7,W,true>, STYLE<13>, CURVER<1>, TRANSP<0>, CBAR<2>, BANNER<0>, NUMCOL<220>  TXT<no2, ,>;;;;;;;;;;;;;;;;;;
monthlyGrid_PM10;MAXCUT<1.07>, MINXMAX<0,2>, GIS<4>, FONT<Arial,2.2,W,true>, STYLE<13>, CURVER<1>, TRANSP<0>, CBAR<2>, BANNER<0>, NUMCOL<220>  TXT<no2, ,>;;;;;;;;;;;;;;;;;;
monthlyGrid_coarsePM;MAXCUT<1.05>, MINXMAX<0,40>, GIS<3>, FONT<Arial,1.5,B,true>, STYLE<1>, CURVER<1>, TRANSP<4>, CBAR<1>, BANNER<0>, NUMCOL<120>  TXT<no2, ,>;;;;;;;;;;;;;;;;;;
monthlyGrid_BC;MAXCUT<1.05>, MINXMAX<0,40>, GIS<3>, FONT<Arial,1.5,B,true>, STYLE<8>, CURVER<1>, TRANSP<4>, CBAR<1>, BANNER<0>, NUMCOL<120>  TXT<no2, ,>;;;;;;;;;;;;;;;;;;
