lineType;Region;resolution[meters, minutes];latmin;latmax;lonmin;lonmax;Variables (server mode);temporalRange: pastGreater_h,past_h, forecast_h;triggerHours_UTC;innerLoc;outputCustomizations
main;Finland;-;59;61.5;23;27;-;-;-;-;-
area;hma;12,60;60.121;60.352;24.601;25.181;NO2,PM25,PM10,O3,coarsePM,AQI;12,12;-;-;insert tags here
;;;;;;;;;;;
Part2: regional settings-----------------------;;;;;;;;;;;
argument;MINER_CLEANER;FALSE;;// One of [true,false] if true, then older (7 day) EnfuserArchive content will be automatically deleted.;;;;;;;
argument;AWS_S3_ARGS;LOCAL_ONLY;;// allPollutant_x.zip data can be pushed to AWS S3 via these settings.;;;;;;;
argument;AWS_EMITTER_SYNCH;bucketName,areaNameFilter;;// For some areas emission inventories for e.g., shipping can be updated via AWS S3;;;;;;;
argument;TIMEZONE;2;;// In full hours, the local timezone.;;;;;;;
argument;SUMMERTIME;TRUE;;// Set as false in case the modelling region do not switch to summer time.;;;;;;;
argument;NETCDF_BYTECOMPRESS;TRUE;;// If true then gridded netCDF data will be stored as bytes instead of floats. The dataset size becomes 25% with respect to float data.;;;;;;;
argument;BG_NESTING_MODE;0;;// A placeholder for future setting managing the way regional AQ is being nested to the local scale modelling;;;;;;;
argument;BLOCKER_STRENGTH;1;;// A value in between [0,1] to define the strength of urban effects (buildings, vegetation, street canyons).;;;;;;;
argument;DATAFUSION_MEMORY;TRUE;;// If true, then each modelling tasks reads, updates a and saves a 'state' for data fusion resulting in a longer term memory for data fusion.;;;;;;;
argument;DATAFUSION_MEMORY_FACTORS;0.1,4,0.012;;// Three doubles: [min state, max state, learning rate]. Default: 0.7,2,0.005;;;;;;;
argument;DATAFUSION_LEAVEONEOUT_STATISTICS;FALSE;;// If true, then the data fusion algorithm is initiated once per each measurement location and true leave-one-out comparisons are provided. ;;;;;;;
argument;OUTLIER_CUT;0.999,2;;// Two doubles [a,b]. In an attempt to reduce modelling outliers in gridded data the largest values exceeding 'x' are set to 'x'. Example: with [0.999,2] every 2nd cell is checked and outliers are cut for every value that exceeds 99.9% largest value in the grid.;;;;;;;
argument;POL_BUILDING_PENETRATION;0.2,0.95;;// Two doubles [a,b] ranging from 0.1 to 1. a: indoor aq penetration factor (local emitters). b: visual reduction for water areas.;;;;;;;
argument;ROUGHNESS_SCALER;0.6;;// Local wind profiles are estimated based on rougness length. Reduce this value [0,1] to reduce the effect of surface properties to wind.;;;;;;;
argument;PRECOMPUTED_WINDS;FALSE;;// if true, then precomputed wind datasets are read if such exist.;;;;;;;
argument;MIN_ABLH;120;;// Minimum allowed atmospheric boundary layer height. Any value lower than this will be set to equal this limit (in statistics the actual ABLH is still shown);;;;;;;
argument;MIN_WS;1;;// Minimum allowed local wind speed [m/s] for Gaussian Plume formulas. Default: 1m/s;;;;;;;
argument;CUSTOM_BOOLEAN_SETTINGS;;;// Insert custom tags to modify settings further (for developers);;;;;;;
argument;DUPLICANT_REGION_OF;;;//specify another region name here. This region will read input from that region and this cannot have an ective miner running.;;;;;;;
argument;DATAFUSION_STRENGTH;med;;//One of [off,low,medium,high]. 'Off' disables data fusion algorithm. Default: medium. 'High' allows more weight penalties to measurements to be assigned.;;;;;;;
argument;WINDFIELD_FUSION;FALSE;;//Under development. Use wind measurements to adjust NWP meteorology accordingly.;;;;;;;
;;;;;;;;;;;
Part3: feed settings---------------------------;;;;;;;;;;;
argument;FMI_OPEN_ARGS;;;;EXCLUDE_SECONDARY_OUT;;;;;;
argument;SILAM_ARGS;;;;EXCLUDE_DOMAINS<regional>, VAR_LIST<defaultVars>, VAR_LIST2<BLH,MO_len_inv>;;;;;;
argument;HIRLAM_ARGS;;;;customize feed behaviour here.;;;;;;
argument;ROADMAINT_ARGS;;;;CERT_BYPASS;;;;;;
argument;ROADCOND_ARGS;;;;HTTP_REQUEST_PROPS<Accept-Encoding,gzip>, CERT_BYPASS;;;;;;
argument;HARMONIE_ARGS;;;;CUSTOM_AREAS<hma>;;;;;;
