Name;Units;LAT;LON;HEIGHT;DESCRIPTIVE;MODS;LTM
Viru-Nigula Wind Farm Estonia;0;59.4427;26.7654;140;power,WIND,TYPE2<>,STATUS<Operating Fully>,CAP_MW<24>,;;genericCleanPower
Pakri Wind Farm Estonia;0;59.3806;24.0568;140;power,WIND,TYPE2<>,STATUS<Operating Fully>,CAP_MW<18.4>,;;genericCleanPower
Virtsu II Wind Farm Estonia;0;58.5896;23.5303;140;power,WIND,TYPE2<>,STATUS<Operating Fully>,CAP_MW<6.9>,;;genericCleanPower
Esivere Wind Farm Estonia;0;58.631;23.5277;140;power,WIND,TYPE2<>,STATUS<Operating Fully>,CAP_MW<8>,;;genericCleanPower
Vanakula Wind Farm Estonia;0;59.14176;23.5795;140;power,WIND,TYPE2<>,STATUS<Operating Fully>,CAP_MW<9>,;;genericCleanPower
Iru CHP Power Plant Estonia;190;59.4514;24.9246;140;power,GAS,TYPE2<Power and Heat Combined Cycle Gas Turbine>,STATUS<Operating Fully>,CAP_MW<190>,FUEL<Natural Gas>,;;genericGasPower
Virtsu I Wind Farm Estonia;0;58.5639;23.5086;140;power,WIND,TYPE2<>,STATUS<Operating Fully>,CAP_MW<1.2>,;;genericCleanPower
Tooma Wind Farm Estonia;0;58.6211;23.5439;140;power,WIND,TYPE2<>,STATUS<Operating Fully>,CAP_MW<16>,;;genericCleanPower
Virtsu III Wind Farm Estonia;0;58.5663;23.5327;140;power,WIND,TYPE2<>,STATUS<Operating Fully>,CAP_MW<6.9>,;;genericCleanPower
Martinlaakso Thermal CHP Power Plant Finland;195;60.2833;24.8364;140;power,COAL,TYPE2<Sub-critical Thermal>,STATUS<Operating Fully>,CAP_MW<195>,FUEL<Coal>,;;genericCoalPower
Meri-Pori Coal Power Plant Finland;565;61.6317;21.4068;140;power,COAL,TYPE2<Super-critical Thermal>,STATUS<Operating Fully>,CAP_MW<565>,FUEL<Coal>,RED_NOX<10>,;;genericCoalPower
Naantali Thermal CHP Power Plant Finland;375;60.4583;22.0542;140;power,COAL,TYPE2<Sub-critical Thermal>,STATUS<Operating Fully>,CAP_MW<375>,FUEL<Coal>,;;genericCoalPower
Olkiluoto (TVO) Nuclear Power Plant Finland;0;61.2371;21.4433;140;power,NUCLEAR,TYPE2<>,STATUS<Operating Fully>,CAP_MW<1920>,;;genericCleanPower
Loviisa Nuclear Power Plant Finland;0;60.3708;26.3468;140;power,NUCLEAR,TYPE2<>,STATUS<Operating Fully>,CAP_MW<976>,;;genericCleanPower
Salmisaari-B Thermal CHP Power Plant Finland;160;60.1656;24.9048;140;power,COAL,TYPE2<Sub-critical Thermal>,STATUS<Operating Fully>,CAP_MW<160>,FUEL<Coal>,;;genericCoalPower
Tahkoluoto Thermal CHP Power Plant Finland;235;61.6322;21.405;140;power,COAL,TYPE2<Sub-critical Thermal>,STATUS<Operating Fully>,CAP_MW<235>,;;genericCoalPower
Kristiina Thermal Power Plant Finland;452;62.2553;21.3268;140;power,COAL,TYPE2<Sub-critical Thermal>,STATUS<Operating Fully>,CAP_MW<452>,FUEL<Coal>,RED_NOX<11>,;;genericCoalPower
Vuosaari A&B CCGT CHP Power Plant Finland;630;60.2199;25.1692;140;power,GAS,TYPE2<Combined Cycle Gas Turbine>,STATUS<Operating Fully>,CAP_MW<630>,FUEL<Natural Gas>,;;genericGasPower
Mussalo Thermal CHP Power Plant Finland;313;60.4352;26.9118;140;power,COAL,TYPE2<Sub-critical Thermal>,STATUS<Operating Fully>,CAP_MW<313>,FUEL<Coal>,RED_NOX<10>,;;genericCoalPower
Inkoo Coal Power Plant Finland;750;60.02;23.912778;140;power,COAL,TYPE2<Sub-critical Thermal>,STATUS<Operating Partially>,CAP_MW<750>,FUEL<Coal>,RED_NOX<10>,;;genericCoalPower
Hanasaari-B Thermal CHP Power Plant Finland;220;60.1841;24.9711;140;power,COAL,TYPE2<Sub-critical Thermal>,STATUS<Operating Fully>,CAP_MW<220>,FUEL<Coal>,RED_NOX<10>,;;genericCoalPower
Suomenoja;350;60.149208;24.717607;140;power,COAL POWER;;genericCoalPower
