TYPE_MASTER_COEFF;PM25=0.015;coarsePM=0;NO2=0.1;NO=0;O3=0;CO=0.9;SO2=0.1;LDSA=0.06;BC=0.001;;;;;;;;;;;;;;;
////////////comment: for point emitters (backup power plants). Emission factors?;;;;;;;;;;;;;;;;;;;;;;;;
MET_FUNCTIONS;TEMP_SHUTDOWN,ALL;;;;;;;;;;;;;;;;;;;;;;;
PUFFGEN_INCREASER;4;;;;;;;;;;;;;;;;;;;;;;;
PUFF_DISTRAMP_M;3000;;;;;;;;;;;;;;;;;;;;;;;
EMITTER_CELLCOUNT_SPARSER;1;//does not matter for point emitters;;;;;;;;;;;;;;;;;;;;;;
IDENTIFIER;def;;;;;;;;;;;;;;;;;;;;;;;
////////////;mon;tue;wed;thu;fri;sat;sun;;;;;;;;;;;;;;;;;
TEMPORAL_WD;1;1;1;1;1;1;1;;;;;;;;;;;;;;;;;
////////////;;;;;;;;;;;;;;;;;;;;;;;;
////////////;LOCAL_H 0;1;2;3;4;5;6;7;8;9;10;11;12;13;14;15;16;17;18;19;20;21;22;23
TEMPORAL_DIURNAL;1;1;1;1;1;1;1;1;1;1;1;1;1;1;1;1;1;1;1;1;1;1;1;1
////////////;;;;;;;;;;;;;;;;;;;;;;;;
////////////;jan;feb;mar;apr;may;jun;jul;aug;sep;oct;nov;dec;;;;;;;;;;;;
TEMPORAL_MONTHLY;0.1;0.1;0.1;0.1;0.1;0.1;0.1;0.1;0.1;0.1;0.1;0.1;;;;;;;;;;;;
