TYPE_MASTER_COEFF;PM25=1;CO=40;LDSA=6;SO2=0.005;NO2=0.1;BC=0.3;;;;;;;;;;;;;;;;;;;;
MET_FUNCTIONS;MET_TEMP_WB_QUARTER,ALL;;;;;;;;;;;;;;;;;;;;;;;;;
PUFFGEN_INCREASER;1;;;;;;;;;;;;;;;;;;;;;;;;;
PUFF_DISTRAMP_M;0;;;;;;;;;;;;;;;;;;;;;;;;;
EMITTER_CELLCOUNT_SPARSER;3;;;;;;;;;;;;;;;;;;;;;;;;;
IDENTIFIER;kiuas;;;;;;;;;;;;;;;;;;;;;;;;;
/////households will be a sum of 3 profiles, this one is a sub;;;;;;;;;;;;;;;;;;;;;;;;;;
/////;;;;;;;;;;;;;;;;;;;;;;;;;;
/////;//mon;//tue;//wed;//thu;//fri;//sat;//sun;;;;;;;;;;;;;;;;;;;
TEMPORAL_WD;0.48;0.48;0.96;0.48;0.96;2;1.2;;;;;;;;;;;;;;;;;;;
/////;//local 0;//local 1;//local 2;//local 3;//local 4;//local 5;//local 6;//local 7;//local 8;//local 9;//local 10;//local 11;//local 12;//local 13;//local 14;//local 15;//local 16;//local 17;//local 18;//local 19;//local 20;//local 21;//local 22;//local 23;;
TEMPORAL_DIURNAL;1;1;1;1;1;1;1;1;1;1;1;1;1;1;1;1;1;1;1;1;1;1;1;1;;
/////;;;;;;;;;;;;;;;;;;;;;;;;;;
/////;Months;WD_names;//local 0;//local 1;//local 2;//local 3;//local 4;//local 5;//local 6;//local 7;//local 8;//local 9;//local 10;//local 11;//local 12;//local 13;//local 14;//local 15;//local 16;//local 17;//local 18;//local 19;//local 20;//local 21;//local 22;//local 23
TEMPORAL_M_WD_D;ALL;monfri;0;0;0;0;0;0;0;0.04;0.04;0.04;0.09;0.08;0.12;0.3;0.6;1;1.15;2.17;2.44;2.32;1.45;0.62;0.32;0.09
TEMPORAL_M_WD_D;ALL;sat;0;0;0;0;0;0;0;0.05;0.05;0.05;0.11;0.1;0.15;0.37;0.78;1.46;1.86;3.69;4.19;3.78;2.1;0.81;0.38;0.11
TEMPORAL_M_WD_D;ALL;sun;0;0;0;0;0;0;0;0.05;0.05;0.05;0.11;0.1;0.15;0.38;0.82;1.53;1.9;3.79;4.28;3.85;2.15;0.78;0.36;0.11
/////;;;;;;;;;;;;;;;;;;;;;;;;;;
/////here we assign 60% contribution, the sub LTM's will have the rest;jan;feb;mar;apr;may;jun;jul;aug;sep;oct;nov;dec;;;;;;;;;;;;;;
TEMPORAL_MONTHLY;0.6;0.6;0.6;0.6;0.6;0.6;0.6;0.6;0.6;0.6;0.6;0.6;;;;;;;;;;;;;;
