TYPE_MASTER_COEFF;coarsePM=4;;;;;;;;;;;;;;;;;;;;;;;
////////////comment: this is a special emitter profile for road dust modelling based on OSM-roads. It is only for coarsePM.;;;;;;;;;;;;;;;;;;;;;;;;
MET_FUNCTIONS;ROADMOIST_INHIB,ALL;RAD_AMPLIFIER_DUST,ALL;WIND_AMPLIFIER_DUST,ALL;;;;;;;;;;;;;;;;;;;;;
PUFFGEN_INCREASER;1;;;;;;;;;;;;;;;;;;;;;;;
PUFF_DISTRAMP_M;6;;;;;;;;;;;;;;;;;;;;;;;
EMITTER_CELLCOUNT_SPARSER;1;;;;;;;;;;;;;;;;;;;;;;;
IDENTIFIER;def;;;;;;;;;;;;;;;;;;;;;;;
////////////;mon;tue;wed;thu;fri;sat;sun;;;;;;;;;;;;;;;;;
TEMPORAL_WD;1;1;1;1;1;1;1;;;;;;;;;;;;;;;;;
////////////note:dust uses traffic flow patterns;local 0;local 1;local 2;local 3;local 4;local 5;local 6;local 7;local 8;local 9;local 10;local 11;local 12;local 13;local 14;local 15;local 16;local 17;local 18;local 19;local 20;local 21;local 22;local 23
TEMPORAL_DIURNAL;1;1;1;1;1;1;1;1;1;1;1;1;1;1;1;1;1;1;1;1;1;1;1;1
////////////;jan;feb;mar;apr;may;jun;jul;aug;sep;oct;nov;dec;;;;;;;;;;;;
TEMPORAL_MONTHLY;0.8;0.8;1;1;0.7;0.4;0.3;0.3;0.3;0.4;0.6;0.7;;;;;;;;;;;;
