TYPE_MASTER_COEFF;PM25=1;CO=40;LDSA=6;SO2=0.005;NO2=0.1;BC=0.3;;;;;;;;;;;;;;;;;;;;
MET_FUNCTIONS;MET_TEMP_WB,ALL;;;;;;;;;;;;;;;;;;;;;;;;;
PUFFGEN_INCREASER;1;;;;;;;;;;;;;;;;;;;;;;;;;
PUFF_DISTRAMP_M;0;;;;;;;;;;;;;;;;;;;;;;;;;
EMITTER_CELLCOUNT_SPARSER;3;;;;;;;;;;;;;;;;;;;;;;;;;
IDENTIFIER;kattila;;;;;;;;;;;;;;;;;;;;;;;;;
/////households will be a sum of 3 profiles, this one is a sub;;;;;;;;;;;;;;;;;;;;;;;;;;
/////;;;;;;;;;;;;;;;;;;;;;;;;;;
/////;//mon;//tue;//wed;//thu;//fri;//sat;//sun;;;;;;;;;;;;;;;;;;;
TEMPORAL_WD;1;1;1;1;1;1;1;;;;;;;;;;;;;;;;;;;
/////;//local 0;//local 1;//local 2;//local 3;//local 4;//local 5;//local 6;//local 7;//local 8;//local 9;//local 10;//local 11;//local 12;//local 13;//local 14;//local 15;//local 16;//local 17;//local 18;//local 19;//local 20;//local 21;//local 22;//local 23;;
TEMPORAL_DIURNAL;1;1;1;1;1;1;1;1;1;1;1;1;1;1;1;1;1;1;1;1;1;1;1;1;;
/////;;;;;;;;;;;;;;;;;;;;;;;;;;
/////;Months;WD_names;//local 0;//local 1;//local 2;//local 3;//local 4;//local 5;//local 6;//local 7;//local 8;//local 9;//local 10;//local 11;//local 12;//local 13;//local 14;//local 15;//local 16;//local 17;//local 18;//local 19;//local 20;//local 21;//local 22;//local 23
TEMPORAL_M_WD_D;ALL;monfri;0.29;0.29;0.29;0.29;0.3;0.52;0.7;0.53;0.56;0.49;0.41;0.48;0.77;1.07;1.11;1.23;1.09;1.03;0.97;0.97;1.09;0.87;0.48;0.5
TEMPORAL_M_WD_D;ALL;sat;0.29;0.29;0.29;0.29;0.29;0.54;0.66;0.6;0.65;0.56;0.49;0.59;0.97;1.33;1.46;1.79;1.76;1.74;1.66;1.58;1.58;1.13;0.58;0.61
TEMPORAL_M_WD_D;ALL;sun;0.29;0.29;0.29;0.29;0.3;0.52;0.68;0.61;0.67;0.6;0.48;0.59;0.98;1.37;1.53;1.88;1.8;1.79;1.69;1.61;1.61;1.09;0.56;0.6
/////;;;;;;;;;;;;;;;;;;;;;;;;;;
/////here we assign 10% contribution, the sub LTM's will have the rest;jan;feb;mar;apr;may;jun;jul;aug;sep;oct;nov;dec;;;;;;;;;;;;;;
TEMPORAL_MONTHLY;0.1;0.1;0.1;0.1;0.1;0.1;0.1;0.1;0.1;0.1;0.1;0.1;;;;;;;;;;;;;;
