TYPE_MASTER_COEFF;PM25=1;CO=40;LDSA=6;SO2=0.005;NO2=0.1;BC=0.3;;;;;;;;;;;;;;;;;;;;
MET_FUNCTIONS;MET_TEMP_WB,ALL;;;;;;;;;;;;;;;;;;;;;;;;;
PUFFGEN_INCREASER;1;;;;;;;;;;;;;;;;;;;;;;;;;
PUFF_DISTRAMP_M;0;;;;;;;;;;;;;;;;;;;;;;;;;
NORMALIZE_TO_SUM;190000;BY_UTILIZATION;SWITCH_SUM<blaaArea=1,tku=40000>;//kg per year including the two sub-profiles;;;;;;;;;;;;;;;;;;;;;;
EMITTER_CELLCOUNT_SPARSER;3;;;;;;;;;;;;;;;;;;;;;;;;;
IDENTIFIER;takka;;;;;;;;;;;;;;;;;;;;;;;;;
/////households will be a sum of 3 profiles, this one and two 'subs';;;;;;;;;;;;;;;;;;;;;;;;;;
SUB_LTM;xprofile_LTM_subHH1.csv;xprofile_LTM_subHH2.csv;;;;;;;;;;;;;;;;;;;;;;;;
/////;;;;;;;;;;;;;;;;;;;;;;;;;;
/////;//mon;//tue;//wed;//thu;//fri;//sat;//sun;;;;;;;;;;;;;;;;;;;
TEMPORAL_WD;0.65;0.65;0.81;0.81;1.13;1.62;1.3;;;;;;;;;;;;;;;;;;;
/////;//local 0;//local 1;//local 2;//local 3;//local 4;//local 5;//local 6;//local 7;//local 8;//local 9;//local 10;//local 11;//local 12;//local 13;//local 14;//local 15;//local 16;//local 17;//local 18;//local 19;//local 20;//local 21;//local 22;//local 23;;
TEMPORAL_DIURNAL;1;1;1;1;1;1;1;1;1;1;1;1;1;1;1;1;1;1;1;1;1;1;1;1;;
/////;;;;;;;;;;;;;;;;;;;;;;;;;;
/////;Months;WD_names;//local 0;//local 1;//local 2;//local 3;//local 4;//local 5;//local 6;//local 7;//local 8;//local 9;//local 10;//local 11;//local 12;//local 13;//local 14;//local 15;//local 16;//local 17;//local 18;//local 19;//local 20;//local 21;//local 22;//local 23
TEMPORAL_M_WD_D;ALL;monfri;0;0;0;0;0;0.08;0.32;0.44;0.55;0.65;0.55;0.47;0.34;0.31;0.41;0.6;1.16;1.91;2.18;1.9;1.28;0.72;0.36;0.07
TEMPORAL_M_WD_D;ALL;sat;0;0;0;0;0;0.09;0.3;0.49;0.64;0.75;0.65;0.57;0.43;0.38;0.53;0.88;1.88;3.24;3.75;3.09;1.85;0.93;0.42;0.08
TEMPORAL_M_WD_D;ALL;sun;0;0;0;0;0;0.08;0.31;0.5;0.66;0.79;0.64;0.57;0.43;0.39;0.56;0.92;1.92;3.33;3.82;3.15;1.89;0.9;0.41;0.08
/////;;;;;;;;;;;;;;;;;;;;;;;;;;
/////here we assign 30% contribution, the sub LTM's will have the rest;jan;feb;mar;apr;may;jun;jul;aug;sep;oct;nov;dec;;;;;;;;;;;;;;
TEMPORAL_MONTHLY;0.3;0.3;0.3;0.3;0.3;0.3;0.3;0.3;0.3;0.3;0.3;0.3;;;;;;;;;;;;;;
