TYPE_MASTER_COEFF;PM25=1;coarsePM=1;NO2=1;NO=1;O3=1;CO=1;SO2=1;LDSA=1;;;;;;;;;;;;;;;;
////////////comment: the source dataset is a STEAM based csv file that specifies all emissions as they are. Therefore the master coeffs are 1 as default and there is no temporal modifiers needed.;;;;;;;;;;;;;;;;;;;;;;;;
MET_FUNCTIONS;none;;;;;;;;;;;;;;;;;;;;;;;
PUFFGEN_INCREASER;3;;;;;;;;;;;;;;;;;;;;;;;
PUFF_DISTRAMP_M;0;;;;;;;;;;;;;;;;;;;;;;;
IDENTIFIER;def;;;;;;;;;;;;;;;;;;;;;;;
EMITTER_CELLCOUNT_SPARSER;1;;;;;;;;;;;;;;;;;;;;;;;
////////////;mon;tue;wed;thu;fri;sat;sun;;;;;;;;;;;;;;;;;
TEMPORAL_WD;1;1;1;1;1;1;1;;;;;;;;;;;;;;;;;
;;;;;;;;;;;;;;;;;;;;;;;;
////////////;LOCAL_H 0;1;2;3;4;5;6;7;8;9;10;11;12;13;14;15;16;17;18;19;20;21;22;23
TEMPORAL_DIURNAL;1;1;1;1;1;1;1;1;1;1;1;1;1;1;1;1;1;1;1;1;1;1;1;1
////////////;;;;;;;;;;;;;;;;;;;;;;;;
////////////;jan;feb;mar;apr;may;jun;jul;aug;sep;oct;nov;dec;;;;;;;;;;;;
TEMPORAL_MONTHLY;1;1;1;1;1;1;1;1;1;1;1;1;;;;;;;;;;;;
